text,label
Travesseiro Duoflex Natural Latex LN1102,PER
Servi,PER
Usava,LOC
Ruim,PER
Pedi,ORG
PRODUTO VEIO ERRADO,MISC
TROCA,ORG
ESTOU AGUARDANDO,MISC
VENTILADOR,ORG
CERTO...,MISC
NÃO ENVIARAM,MISC
PRODUTO,ORG
E NINGUÉM ME,ORG
JUSTIFICATIVA,ORG
NEM PREVISÃO,MISC
NO SITE DO,MISC
ESTAVA CONSTANDO,MISC
ENVIADO,MISC
NISSO,PER
Produto,PER
Brasilia,LOC
RECOMENDO!!,MISC
Parabéns,PER
Cadeira,LOC
NÃO RECOMENDO,ORG
NF,ORG
Sandisk,PER
Agradeço,PER
bom produto,LOC
Satisfeito Compra,MISC
Comprei,PER
Comprei,LOC
Lamentável,PER
FALTANDO,ORG
CAMA POIS,MISC
RECEBIAS DUAS FRONHAS AVULSAS,MISC
ONDE,MISC
RESTANTE DOE MINHA COMPRA,MISC
comprei,LOC
Ótimo,LOC
Muito boa,MISC
loja lannister,MISC
targaryen,LOC
Prezados,LOC
Recebi,MISC
Att,ORG
George Carvalho,PER
Perfeita,PER
Super Recomendo,MISC
Ameiii,PER
Gostei,LOC
Alias,PER
Ponto de Luz,LOC
Adorei,PER
O produto,MISC
Correios,PER
Oakley,PER
PRODUTO,ORG
Horrível  Muito ruim!,MISC
Péssimo,ORG
Desapontado,LOC
Sony,ORG
E14,PER
E27,MISC
Falta,MISC
vcs,LOC
Comprei,LOC
Nao,MISC
AFF,ORG
Parabéns,PER
Rapidez,MISC
Lamentável,PER
Natal,MISC
RECEBI,MISC
NO PRAZO,MISC
UM DIA,MISC
PRAZO MÁXIMO,MISC
BTU,ORG
Ameeei,PER
bom Produto,LOC
Comprei,LOC
USB,MISC
Comprei,PER
Quero,MISC
Procon,MISC
Satisfeito,MISC
targaryen,LOC
Super,MISC
Comprei,LOC
Canon,MISC
Torneira,LOC
Vale,LOC
Excelente!!,MISC
Linda,PER
Compra,LOC
Ótimo,LOC
Quero,PER
Ok Dentro,MISC
Pedi,ORG
Tenho,LOC
Pedido,PER
Super,LOC
Entrega,LOC
Adorei,PER
Prazo,MISC
bom produto,LOC
RECOMENDO,MISC
TODOS,MISC
CHEGOU ANTES DO PRAZO,MISC
Gostei,LOC
Asus,LOC
Solicito,PER
Amei,PER
Entrega,LOC
Enviei,LOC
Mt,MISC
boa Recebi,LOC
Comprei,LOC
Recebimento,ORG
Tentei,PER
Pontualidade Gostei,LOC
Nao,MISC
Super Recomendo Super,MISC
Péssimo  Meu,LOC
Quero,PER
Gostei,LOC
Super top  ,MISC
lannister,LOC
internet,MISC
comprei,LOC
Adorei,PER
RECEBI,MISC
Pistão,LOC
Péssima,LOC
Quero,LOC
Lojas,MISC
Pontualidade,PER
Amazon,ORG
Recomendo Entrega,PER
Bola Medicine Slam Ball,MISC
Crossfit 10 Kg Liveup Ls3004-10,MISC
ENTREGUE,MISC
PRAZO,ORG
TUDO PERFEITO,MISC
É PEQUENA,MISC
QUERO ESTÁ ÓTIMO,MISC
Zero  Tem,MISC
Comprei,LOC
Parabéns,LOC
Obrigada!!,MISC
Relógio,LOC
Vcs,PER
Parabens,LOC
Grosso,PER
bom Ótimo,LOC
Comprei,LOC
Alojas,LOC
COMPRA,ORG
A ENTREGA,ORG
SÓ RECEBI,MISC
ATE AGORA,MISC
ABSURDO,ORG
Compro,PER
Parabéns,PER
Dificuldade,LOC
Nao,MISC
Amei,PER
Comprarei,PER
Relógio Casio,PER
Entrega,LOC
vcs,PER
Cancelei,PER
SOLICITO,ORG
PRODUTO NAO VOLTARIA,MISC
NEGOCIO,ORG
EMPRESA,MISC
Otimo Multo,PER
Recomendo,ORG
ótimo!!!,MISC
Boa,PER
Comprei,LOC
Ótimo,PER
Fui,PER
Gostei,LOC
Perfeito Atendeu,LOC
Toner CF,ORG
ALTO RENDIMENTO,PER
Toner CF360A HP 508A,ORG
BAIXO RENDIMENTO,LOC
HP OFFICEJET,MISC
J4660,PER
TROCAR,MISC
AGUARDO,MISC
Comprei,PER
adorou!E,MISC
Recomendo!,MISC
Aguardo,LOC
Compra,LOC
Super,MISC
Comprei,PER
"Mochila
Linda",PER
Minha,PER
Péssimo,ORG
Thânia Almeida,PER
COMPREI 2,MISC
APENAS,MISC
ENTREGUE,MISC
AGUARDO,MISC
Gostei,ORG
Ótimo,LOC
DOS,MISC
SITE DOS CORREIOS NÃO INFORMAR,MISC
TRAJETO,ORG
PLANEJADO,MISC
PRAZO,ORG
Gostei,PER
Valeu,LOC
Excelente Rápido,LOC
Recomendo!,MISC
Realizei,PER
MOP Spray,MISC
Valeu,LOC
Gostei,LOC
Pensei,LOC
QUALIDADE,ORG
Entregou,PER
Ótimo,LOC
"😊
Me",MISC
Veio,MISC
Entrega  ,MISC
MEDIDA INCORR,MISC
Tentei,PER
Gostei,LOC
Entao,LOC
Recomendo,LOC
Sastifeito Produto,LOC
Loja,PER
Tudo,PER
CD,MISC
ATÉ,ORG
PRESENTE MOMENTO NÃO,MISC
PRODUTO,ORG
Comprei,LOC
Correios,MISC
Solicito,LOC
Pedido,LOC
Preto,LOC
Olá,MISC
Insatisfeita Comprei,MISC
custo beneficio,PER
Recomendo,LOC
MOTIVO DA DIFICULDADE DA,MISC
MEUS PAIS,MISC
APOSENTADOS ESTÃO SEMPRE,MISC
E ATÉ AGORA NÃO CHEGOU MINHA MERCADORIA,ORG
Aguardo,LOC
Comprei,LOC
Multi,MISC
Prato,LOC
Espero,PER
targaryen,LOC
Ótimo,LOC
Recomendo!,MISC
Ótimo,LOC
Recomendo,LOC
Recebido,PER
Farei,LOC
OK,LOC
😢,PER
Comprei,LOC
Nóta,PER
Produto,LOC
Santa Catarina de Itajai,LOC
Bosta,LOC
FUI BEM ATENDIDA,MISC
PRODUTO,ORG
PRAZO PREVISTO,ORG
E EU RECOMENDO,ORG
BCA MAX,MISC
CÁPSULAS,MISC
BCA,LOC
Parabens!,MISC
Produto bonito,LOC
Gostei,LOC
Decepção!,MISC
smart,PER
Excelente Recomendo,LOC
Ruim  Não,LOC
ENTREGA,ORG
ENTREGUE RAPIDINHO,MISC
super,MISC
linda,PER
Boa Fiquei,LOC
Amei,PER
Parabéns,PER
Veio,PER
Safisfeita  Estou,MISC
Relógio,PER
Ótimo Adoro,PER
Produto,PER
Vou,PER
GRATA,MISC
NADA,ORG
DECLARAR,ORG
Comprei 5 heasets GE,MISC
Mandei,PER
Moro,LOC
Norte,LOC
Rapidão,LOC
bom Satisfeita,LOC
Produto,PER
super,LOC
Ótimo Ótima,PER
Mto,PER
Recomendo!,MISC
Super chateada,MISC
Recomendo Recebi,PER
Realizei,PER
Toner Original,PER
128A Preto,LOC
Vou,LOC
Preto,ORG
Película,MISC
Problema Comprei,PER
Aguardo,LOC
bom Gostei,LOC
Ótimo Bem,PER
adorei,PER
Lojas,LOC
Superrecomendo,LOC
Ótimo,LOC
Ótimo,LOC
Indico,PER
Ótimo,LOC
Correios,LOC
Super,LOC
Gostei,PER
Excelentes condições,MISC
Super,MISC
Vendedor,PER
Cortina,PER
COMPRA REALIZADA DIA,MISC
Super,MISC
Recomendo Entrega,PER
RECOMENDADO MUITO,LOC
SERVIÇO,ORG
Bom Bom,LOC
ANUNCIO,ORG
RECOMENDO,MISC
Comprei,LOC
targaryen,LOC
Super,MISC
ADOREI,PER
Recomendo,LOC
Recebi,MISC
Ototemo NÃO,PER
Entrega Rápida Produto,LOC
Recomendo,LOC
Ótima,PER
Adoro,PER
Aguardo,LOC
Produto,PER
RECOMENDO RECEBI MUITO ANTES,MISC
PREVISTO,ORG
Recomendo,LOC
Ok Muito,MISC
Amei,PER
Ótima,PER
Gostei,LOC
super,MISC
Ótima Empresa,PER
Acredito,LOC
Comprei,LOC
BOA,PER
PODE,MISC
SÓ HOUVE,MISC
TINTA PRETA VAZOU,ORG
A EMBALAGEM,MISC
BALANÇANDO,MISC
PERDI BASTANTE,PER
TINTA PRETA,ORG
Precisa,LOC
RECEBI,MISC
RELÓGIO NO PULSO,ORG
E ELE FICOU,LOC
COLOQUEI,MISC
ESTOU INSATISFEITA,ORG
Ruim Comprei,LOC
recebi.26/12/2017,ORG
vcs,PER
PRODUTO,ORG
ENTREGUE,MISC
JÁ FIZ MINHA RECLAMAÇÃO,MISC
ATÉ AGORA,MISC
INSATISFEITO,MISC
QUERO MEU DINHEIRO DE VOLTA,MISC
DENUNCIAR AO PROCON,MISC
super,LOC
CHEGOU C AVARIAS,MISC
Ótimo,LOC
Gostei,LOC
Ótimo,LOC
Americana,LOC
super,LOC
super,LOC
Super,MISC
Meu,PER
Recebi,PER
Procurei,PER
Vergonha,LOC
Absurdo,PER
Recomendo Chegou,PER
NF,PER
Aguardo,LOC
toner,PER
NÃO,ORG
NÃO,ORG
Peço,PER
Otimo Produto,PER
Adorei,PER
Super Recomendo,MISC
Confio,PER
CHEGOU CORRETAMENTE,MISC
PRAZO,ORG
Super,LOC
Ruim Recebi,LOC
Comprei dois kit,PER
Aguardo,LOC
Urgência,LOC
NÃO COMPREM,ORG
A LOJA  Fiz,MISC
Prazo,MISC
PDOUTO,ORG
Comprei,LOC
LED,ORG
Super,MISC
linda,PER
Branco,PER
PRODUTO NÃO,MISC
ENTREGUE,MISC
Abs,PER
Vale,LOC
Dei,PER
Super,MISC
Adorei,PER
Produto,PER
Ótima,LOC
Nao,MISC
Ótimo,LOC
Recomendo!,MISC
Comprei,LOC
Entrega,LOC
Recomendo,PER
targaryen,LOC
Otima Muito,PER
Amei,PER
Produto Ok Relógio,PER
Pedi 2 unidades,MISC
Aguardo,LOC
super,LOC
IGUAIS SEPARADAMENTE,MISC
"FISCAL!
",ORG
GERA INSATISFAÇÃO,MISC
Pedi,PER
RECOMENDO FIZ,MISC
CAIXAS,ORG
CAIXAS,ORG
Bebella,LOC
Comprei,LOC
Bandeja  Excelente,ORG
Rapidaentrega,MISC
ENTREGUE DENTRO,MISC
ESTIPULADO,MISC
ASSIM,MISC
PRAZO,MISC
MOTIVO,MISC
EU PENSAR 2 VEZES,MISC
COMPRAR NOVAMENTE,MISC
QUEM NÃO TEM PRESSA,MISC
BOA OPÇÃO,PER
las,LOC
Comprei,LOC
Compra,LOC
Recomendo!,MISC
Gostei,LOC
MATERIAL,ORG
PRODUTO,ORG
DEIXA,MISC
IMÃ,MISC
CARTEIRA,ORG
POUCA PRESSÃO,MISC
JÁ,LOC
FECHA MAIS,MISC
DEVERIA,LOC
FICA SOLTANDO,LOC
COSTURA,ORG
MEDIANO,ORG
Problemas,PER
Correios,LOC
ENTREGA NÃO EFETUADA,MISC
Recebi o material bem antes do prazo informado,MISC
Pet,ORG
Falta,MISC
Impossível,LOC
regulart,PER
Comprei,PER
Relógio ruim,PER
Dourado,LOC
Ótimo Ótimo,PER
comprei,LOC
Película do Fusor Lexmark E250,LOC
Ótimo,LOC
Entrega,LOC
Parabéns,PER
Realizei,PER
Produto,LOC
Salvador,LOC
Espero Resposta,PER
Otima,LOC
OK,LOC
RECEBI OSPRODUTOS,MISC
QUALIDADE,ORG
SUPER RECOMENDO,MISC
Mto,PER
Mto,PER
Comprei 2 relógios,MISC
Excelete Compra,PER
Parabéns!,MISC
Comprei,PER
Pedi,ORG
Apple,ORG
Samsung,ORG
Ridículo!,MISC
Peço,PER
Mochila,PER
Recomendo!,MISC
Grella oriental,LOC
Super,LOC
Entrega,LOC
RECOMENDO,LOC
LOJA,ORG
RAPIDEZ NA,MISC
PRODUTO,ORG
Nao,MISC
A MELHOR,MISC
Netshoes,LOC
Melhores Lojas On-Line,MISC
Indico,PER
Quero,MISC
Peço,PER
Ótima,PER
Cassio,MISC
Nao,MISC
Linda,PER
Comprei,PER
Prazo,MISC
Recomendo Recebi,PER
Péssima,LOC
Comprei,LOC
Relógio Feminino Bracelete Dourado Strass,PER
Relógio Feminino Bracelete Flor,PER
NF,ORG
Aguardando,PER
Bebê,PER
Pensei,LOC
Boa Entrega,LOC
Escova,PER
Ótimo,LOC
Adorei.ficou,LOC
Parabéns,PER
Recomendo!!,MISC
Ótimo  Comprar,LOC
Meu,ORG
Super,MISC
Valter,LOC
Agradecemos,LOC
Lamentamos,MISC
Bom Gostei,LOC
Alto Falante 10 Polegadas Medio Grave,LOC
Rms,PER
SÓ RECEBE 2 UNIDADES FALTARAM,MISC
Recomendo,ORG
vocês,LOC
Adorei,PER
RECOMENDO,MISC
Acho,PER
Q6003AB,MISC
Cadê,PER
Obrigada,LOC
Nao Gostei,MISC
Att,ORG
Parabens,LOC
Recomendo!,MISC
Amassado,LOC
Ótimo Valew,PER
Encomendei,PER
Paguei,PER
Cadê,PER
Amei,PER
TIVEMOS,MISC
CORREIOS,MISC
ISSO É DESAGRADÁVEL POR PERDERMOS,MISC
Compra,LOC
Boa Atendimento,LOC
Comprei,LOC
NF,ORG
R$,MISC
R$,MISC
R$,MISC
Recebi,MISC
Jogo de Lençol,PER
King Imperial,LOC
Peças Percal 180,LOC
Pedido,PER
Nota Fiscal,LOC
Abri,PER
Parabéns,LOC
King,PER
Kiung,MISC
QUEEM,MISC
Amei,PER
Adorei!!,MISC
Recomendo,LOC
Produto,LOC
Entrega,LOC
OTIMO,ORG
TUDO,ORG
Ótima,LOC
Braçadeira Armband,PER
xing ling,MISC
Bons,MISC
Parabéns,LOC
MT,LOC
Relógio,PER
Beijos,LOC
boa loja,LOC
boa compra,LOC
bom Muito,LOC
Ótima,PER
Comprei 4 fatiadores,MISC
bom Gostei,LOC
Comprei,LOC
Nota Fiscal,MISC
Vergonha,LOC
Epson,PER
Informo,PER
Lustres Pendente Meia Lua Meia Bola Esfera Alumínio,LOC
O Correios,MISC
Lustres,PER
IGUAIS SEPARADAMENTE,MISC
"FISCAL!
",ORG
GERA INSATISFAÇÃO,MISC
Natal,LOC
Recomendo,LOC
RECEBI,MISC
PRODUTO E NEM,ORG
DINHEIRO DE VOLTA,MISC
IR,MISC
GOSTEI,ORG
O CLIENTE,MISC
SÃO ATENCIOSOS,MISC
BOA QUALIDADE,LOC
Comprei,LOC
POXA SO,LOC
QUERIA,ORG
Ótimo,LOC
Recomendo!,MISC
Super,MISC
Bom!!,MISC
Vale,LOC
Santa,LOC
Compre,LOC
Totalmete,PER
Super,PER
Recebi,MISC
Comprei,PER
Creme,MISC
Manta bonita,PER
Gostei!!,MISC
Produto,PER
Veio,PER
Comprei,LOC
Loja confiável,MISC
Amei,PER
Parabéns,LOC
bom,LOC
Satisfeito  Produto,MISC
Lençol,PER
Comprei,LOC
M,MISC
Gostei,LOC
Recomendo...,MISC
Empresa,MISC
Tudo,LOC
Prazo  ,PER
Recomendo,LOC
Pensei,LOC
Acho,PER
NF,ORG
Olá,PER
B - Hanging Rail,MISC
Vocês,LOC
Aguardo,LOC
Correia,LOC
Recebido,PER
CARTUCHO,ORG
ME ENVIARAM NÃO É ORIGINAL,MISC
E A IMPRESSORA NÃO ESTÁ,MISC
PRODUTO,ORG
QUERO MEU DINHEIRO DE VOLTA,MISC
Simples Funciona,PER
Confesso,PER
Comprei,LOC
Vale,LOC
Vieram,PER
Otima Produto,PER
Comprei,PER
Correu,LOC
Comprei,LOC
Vou,PER
Parabéns,LOC
Olha,LOC
Botei,LOC
MEU PEDIDO,ORG
Relógio,PER
Comprei,PER
Aguardo,LOC
Otimo Ainda,PER
Ótimo,PER
Ótimo,LOC
Comprei,LOC
Gostei,LOC
Absurdo,LOC
Vale,LOC
PRATA,ORG
GRAFITE,LOC
Super,MISC
Mandei,PER
Produto,PER
Película Baseus 3D,PER
Comprei,LOC
CANCELADO,MISC
FAÇO,MISC
PAGO,ORG
Recebimento,ORG
Recebi,LOC
Poderia,PER
Recomendo Entrega,PER
ATÉ,ORG
PRODUTO!,MISC
P TER CHEGADO,MISC
MAIS,ORG
FALTA DE PROFISSIONALISMO,MISC
RESPEITO,ORG
O CONSUMIDOR,MISC
Preciso,PER
Compromisso Manter,PER
Amei,PER
"Aguardo
Obrigada",PER
Adorei,PER
Linda,PER
Lojas,LOC
Carteira,LOC
Espero,PER
Aguardando,LOC
O produto,MISC
Ruim,LOC
ENTREGUES,MISC
Ok,LOC
Ótimo Superou,PER
Recomendo,LOC
Comprei,LOC
Acredito,LOC
POLICIA,MISC
Compra,LOC
TODOS OS,MISC
COMPREI 02,MISC
ESTOU ESPERANDO UMA RESPOSTA,MISC
OUTRA LUMINÁRIA,PER
Produto,PER
Entrega,LOC
cEGOU ANTES,MISC
PRAZO,ORG
MUITO BOM !!!,MISC
Recebi,LOC
Gostei,LOC
10 Gostei,LOC
Parabéns,LOC
MUITO,ORG
TACA,MISC
Valeu,LOC
Real Investido,ORG
TODOS,MISC
Ótimo,LOC
OBS,ORG
ENTREGA 01,ORG
Sony,ORG
LG,ORG
Ótima,PER
Prazo,MISC
Recomendo Entrega,PER
super,LOC
Parabéns,PER
Relógio,LOC
Recomendo,LOC
Recomendo Produto,PER
Bom,LOC
Correios,PER
Comprei 2,MISC
M,MISC
Otimo Compra,PER
Correios,LOC
Recomendo,LOC
Ótimo,LOC
Bom Produto,LOC
Maggion,MISC
T Vipe,MISC
Pneu de Moto Maggion Aro,LOC
Pneu Maggion,LOC
T Viper,MISC
Pedi,ORG
Gostei,LOC
Deveria,LOC
Parabéns!!,MISC
Loja Parceira,PER
Satisfeito Gostei,MISC
Bom Produto,LOC
Entrega,LOC
Cabeceira solteiro  Chegou,LOC
Gostei,LOC
Super,MISC
GOSTEI,LOC
TAXA,ORG
ENTREGA MAIOR,LOC
PRODUTO,ORG
Perfeito !,MISC
Compro,PER
Recomendo!!,MISC
Ótimo,LOC
vendedor onesto,PER
Comprei,LOC
Correios,LOC
bom,LOC
Correios,MISC
vend,LOC
Maria Faraildes Santos,PER
Ótimo,LOC
BOM Achei,LOC
Nao,MISC
Produto,PER
Pulseira,LOC
RECEBI APENAS,MISC
PRODUTOS,MISC
RELÓGIO,MISC
OUTRO RELÓGIO DE LED,MISC
NEM SINAL DELE.NO ENTANTO,MISC
DADO,MISC
ENTREGUE.COMO,PER
EMBALAGEM SÓ VEIO,MISC
RELÓGIO DE PÉROLA,MISC
JÁ USEI,ORG
Ja,PER
parabens,LOC
Exijo,PER
NF,ORG
Pedi,ORG
SATISFEITO,MISC
QUALIDADE DE INFORMAÇÕES PASSO,MISC
RECEBIMENTO,ORG
PRODUTO,ORG
Recomendo,ORG
Adoreiii Comprei,PER
Pedi,PER
Parabéns!!,MISC
Olá,PER
Aguardo,PER
PERFEITA CONDIÇÃO,MISC
PRAZO,ORG
Comprei,LOC
Correio de Belo Horizonte,LOC
Tapete,PER
Golden Retriver,ORG
Nao,MISC
Rapida,LOC
Péssimo,LOC
péssimo vendedor,PER
WiFi,MISC
Repeater,MISC
Insatisfação Negativo,MISC
Bom Atende,LOC
Adorei,PER
Ótimo  Ótimo,LOC
LM 327,MISC
quantos watt's,MISC
Propaganda,LOC
Aguardo,MISC
Tanner,PER
super,LOC
Recomendo Muito Produto,PER
Entrega,LOC
Gato,PER
Pedi,ORG
Kit,PER
CERTEZA,ORG
Compro,PER
Recomendo,PER
Comprei 3 garrafas de vinho,MISC
Nota Fiscal,LOC
Compramos 5 trocadores,MISC
Ótimo,LOC
Quero,LOC
Comprei,PER
DESCRIÇÃO INFORMA,MISC
PRODUTO,ORG
ITENS,ORG
ANEL,MISC
GUARDANAPO,LOC
SUPER PEQUENO,MISC
NAO,ORG
NEM UM PRATO,MISC
Material,LOC
Acredito,LOC
Bom Gostei,LOC
Perfeito!,MISC
Comprei,LOC
vcs resolva,PER
Ótimo Chegou,PER
Correios,MISC
Estão,LOC
NÃO RECOMENDARIA,MISC
PRODUTO NÃO VEIO,MISC
COR AZUL,MISC
SIM NA BRANCA,MISC
A COR DESEJADA,MISC
Adorei,PER
Comprei,LOC
Linda,PER
PREZADOS,MISC
CAIXA,ORG
OBSERVANDO,ORG
GUIA DE ORIENTAÇÕES NÃO CONSTA,MISC
PRODUTO,ORG
DEVIDO DESCONFORTO,MISC
ASSIM,MISC
AGUARDO RESPOS,MISC
Ótimo,PER
comprei,LOC
Ótimo Recebido,PER
Ótimo,LOC
Show!,MISC
Quero,PER
Fui,PER
Ótimo,LOC
Incompetentes!,MISC
Falta,MISC
Produto Travou,LOC
Super,MISC
Relógio Pedi,PER
Recomendo,LOC
Relógio,PER
Adorei,PER
Bom Produto,LOC
super,MISC
Ola,MISC
Nota Fiscal,LOC
Compramos 5 trocadores,MISC
RAPIDO,ORG
FACIL,ORG
Recomendo,LOC
Aparelho,LOC
vc,PER
Paguei,PER
Comprei 2,MISC
Linda,PER
Amei,PER
SIMPLESMENTE HORRIVEL,MISC
Fiz,PER
Recomendo,ORG
FALTANDO,LOC
Mandei,PER
LOJA,LOC
SUPORTE NENHUM,MISC
CLIENTE !,MISC
ATÉ AGORA,MISC
RECEBI,MISC
Parabéns,LOC
Recebi,MISC
Mandei,PER
Nei,PER
Recomendo Entrega,PER
Comprei 2,MISC
Espero,PER
Nao,MISC
Bom Lindo,LOC
Ótimo,LOC
Linda,PER
Satisfeita Entrega,MISC
Capa Transparente,PER
Película de Vidro Para Meu Bebê,PER
Tamanho Ok,PER
Dois Produtos,LOC
Valeu,LOC
Absurdo,PER
Procon,MISC
Pedi,ORG
NFiscal,MISC
B2W,ORG
Linda,PER
Recomendo!,MISC
Produto,PER
Gostei,LOC
Fornecedor,LOC
Bom Mercadoria,LOC
Produto,PER
FALTA,ORG
VALOR EXTREMAMENTE,MISC
AO VALOR,MISC
PAGO,ORG
Nao,MISC
UM DESCASO,MISC
O CONSUMIDOR ESS TIPO DE ATITUDE,MISC
PRODUTO DEIXOU,MISC
DESEJAR PARECE MAIS,ORG
COLCHA COBRE LEITO,MISC
ESPERAVA MAIS,MISC
Otimo Gostei,PER
preferi,PER
Comprei,LOC
Mandei,PER
Aguardo,LOC
Amei,PER
Comprei,PER
Efetuei,PER
Produto,PER
Recomendo Chegou,PER
Comprei 2,MISC
Gostei,LOC
Otima,LOC
Recomendadissimo,LOC
Kit,ORG
Sou o Síndico do Condomínio,MISC
Amei,PER
Ótimo  ,LOC
Adorei,PER
Amei!  ,MISC
Recomendaria,LOC
bom,LOC
PRODUTO,ORG
CHEGOU NA METADE,MISC
PRAZO RECOMENDADO,ORG
ESTOU SATISFEITA,ORG
Sr. Diretor|,PER
FALTANDO UMA LUMINÁRIA PENDENTE DE COR,PER
ABORDA,ORG
COR AMARELO,MISC
Gostei,LOC
INSATISFAÇÃO,MISC
Super Recomendo Gostei,MISC
Recomendo,LOC
Super,LOC
cadeira,LOC
Medio Soh,PER
Obrigada,LOC
Rosana,LOC
Usei,PER
recomedo pedi unissex,PER
super,LOC
MUITO SATISFEITO,MISC
Ótimo,LOC
Recomendo,LOC
Nao,MISC
Nao,MISC
Me,MISC
"Recomendo!
",MISC
Valeu,PER
Beijo,PER
EXATAMENTE,MISC
ANUNCIADO,MISC
Comprei 2,MISC
ENTREGUE,MISC
"INCOMPLETA!!!
",MISC
O Cartucho de Toner HP,MISC
ENTREGUE,MISC
Parceiro,MISC
Comprei,PER
Continue,LOC
Pedi,ORG
RECOMENDO,MISC
Cumpre,LOC
Trocar,PER
sat,ORG
Ótimo  Loja,LOC
Aguardo,LOC
Vendedor,LOC
Gostei,LOC
Comprei,PER
Recomendo,LOC
Recomendo,ORG
Correios,LOC
Aprovada Satisfeita,PER
Super,MISC
Bom produto Atende,LOC
Ótimo Parabéns,PER
Cloreto de Magnésio PA 240,PER
Capsulas,LOC
Lojas,MISC
Correios,MISC
Super,LOC
Cadastro,LOC
play 2,MISC
Sonic,PER
EU NAO RECEBI,MISC
PRODUTO AINDA NAO,MISC
Lastimável!,MISC
Super Recomendo,MISC
Elton,LOC
Bom Gostei,LOC
Rapidez Produto,MISC
Super,MISC
PRODUTO É DE PESSIMA QUALIDADE,ORG
POLIESTER,MISC
TEXTURA HORRÍVEL,MISC
NÃO RECOMENDO,ORG
Amei,PER
Manual,MISC
NF,ORG
Enviei,LOC
pedi,ORG
........................................................................................................................................................................................................,LOC
RECOMENDO,MISC
Ótimo,LOC
Ótimo Atendimento,PER
ENTREGA Empresa,MISC
Recomendo ANTES DO PRAZO,MISC
ÓTIMO,MISC
pedi 2 objetos,MISC
SÓ NÃO ENTENDI,MISC
PEDI TRÊS MERCADORIAS,MISC
E SÓ,MISC
RECEBI UMA,MISC
ESTOU NO AGUARDO,ORG
POSSO DIZER,MISC
ENTREGUE,MISC
RECEBI SOMENTE,MISC
Acho,PER
PERCAL,ORG
arara,LOC
PROS,MISC
CONTRA,ORG
usb,MISC
Amei,PER
Comprei,PER
Prazo,MISC
super,LOC
Amei,PER
Perfeito,LOC
Comprei,LOC
Quiosque da Loja Americana,LOC
PRODUTOS,MISC
PRODUTOS DE PÉSSIMA QUALIDADE,MISC
NÃO GOSTEI,ORG
COMPREI 6 CADEIRAS,MISC
AINDA VEIO,MISC
COR,ORG
CONTATO,MISC
VÁRIAS VEZES,MISC
TOTAL DESCASO,MISC
CLIENTE,MISC
Muito Obrigado,LOC
Super,MISC
Comprei,LOC
Avaliacao,PER
Nao,MISC
Pedi,ORG
omprei 2,MISC
receb1,PER
Favor,PER
Comprei,PER
Parabéns,PER
Banco do Brasil,ORG
NF,ORG
Noseclean,PER
RECEBI,MISC
COMPRA CORRETAMENTE,MISC
POREM,ORG
AGORA,ORG
Gostei,LOC
Entrega  Ainda,LOC
Recomendo,LOC
Dimalato Nutri Gold,PER
COISA ERRADA,MISC
PEDI APENAS,MISC
PRODUTO,ORG
E VIERAM DOIS,MISC
whey proten,PER
Satisfeita,PER
Gostei,LOC
Prazo,MISC
Sim,LOC
Pedido,PER
comunico,LOC
Adorei,PER
Comprei,PER
PÉSSIMO,ORG
PRODUTO ATE AGORA,MISC
NENHUM,ORG
Amei,PER
Top!,MISC
Super,MISC
super,MISC
Eficiencia Parabens,PER
LINDO TAPETE,PER
TAPETE É MUITO BONITO,MISC
CHEGOU,ORG
PRAZO,ORG
RECOMENDO,MISC
Gostei,LOC
Comprei,LOC
Recomendo  Entregaram,MISC
Quero,MISC
Correios,MISC
PRODUTOS MARAVILHOSOS,MISC
Osdrich,LOC
Obopekal,LOC
Att,ORG
Bian,LOC
irei,PER
Correios,MISC
INCÊNDIO,ORG
FORTALEZA-CE,ORG
Péssima,LOC
Comprei,PER
COMPREI UM PROTETOR,MISC
SOFÁ DE 2,MISC
LUGARES NA COR PRETO,MISC
COR MARROM,MISC
TROCA,MISC
ATÉ AGORA,MISC
ME,MISC
RESPOSTA,ORG
Comprei,LOC
Comprei,LOC
Black,PER
Black,ORG
Fui,PER
Nao,MISC
Meu,ORG
Super,MISC
Gostei,LOC
Ótimo,LOC
Joalheiro,MISC
Esperei,PER
Recomendo,LOC
PAC,MISC
Mercado Livre,LOC
SP,LOC
OK,LOC
Recomendo !!,MISC
Regular Produto,PER
Escolhida,PER
vendeiro,LOC
Ótimo,LOC
Comprei 2 jogos,MISC
Nota Fiscal 001689,MISC
Aguardo,LOC
Fornecedor Ibitinga Decora,PER
Aguardo,LOC
comprei 3,MISC
vc,PER
Comprei,LOC
Parabéns,LOC
Falcon,PER
Recomendo Produto,PER
Vcs,LOC
bom,LOC
super,LOC
led,ORG
Parceiro,PER
Lojas,MISC
Vendedor,PER
"Entrega rápido, gostei da qualidade da torneira",MISC
Mercadoria,PER
Gostei,LOC
Mercadoria,LOC
IR,LOC
off White,PER
Colada,MISC
Recomendo,LOC
Fico,ORG
luva,LOC
Ótimo,LOC
Optei,MISC
Bonitinho,ORG
Prazo,MISC
Ótimo,LOC
Bom Natal,LOC
super,LOC
Relógio,PER
Super,MISC
Entrega,LOC
Americana,LOC
Mercadoria,LOC
Queria,LOC
Produto,PER
Super Recomendo,MISC
Gostei,LOC
Praticidade,LOC
Comprei,LOC
Ótimo Eu,PER
Mandaram-me,LOC
Fiz,MISC
Pessimo!,MISC
Nota Fiscal,MISC
Comprei,LOC
Aguardo,PER
Produto,PER
Amei,PER
Entrega Entrega,LOC
Gostei,LOC
Nao,MISC
Recomendo,ORG
Perfeito Entrega,LOC
Tentei,PER
Quero,LOC
Preto,ORG
HDMI,PER
VGA,MISC
Correios,MISC
BAGUNÇA,MISC
Costumo,LOC
Correio,MISC
Adorei!!!,MISC
Otimo Muito,PER
Super,MISC
Fácil,PER
Recomemdo,LOC
Ótimo  Gostei,LOC
Muito Bom!!,MISC
Recebi,MISC
Dei,PER
Recomendo Recomendo,PER
Odiei,LOC
CD,MISC
Recomendo Adorei,PER
Mudo,LOC
Gostei,LOC
Adorei,PER
Comprei,PER
Lemon Lime,PER
Comprei,LOC
Ótimo,LOC
TRX,ORG
Tentei,LOC
Precisei,LOC
FOLHA NAO FRISA,ORG
FOLHA NAO FRISA!,ORG
FUNÇAO,MISC
Nao,MISC
Testei,PER
Recomendo,ORG
Gostei,LOC
Recomendaria,LOC
pos,ORG
GUSTAVO SANTOS Quero,MISC
Bom,LOC
Ameiii,PER
Amei,PER
Produto,PER
Quero,LOC
Compra,LOC
Entrega,LOC
Mandei,PER
Parabéns,LOC
Gostei,LOC
Super,LOC
Muito Bom!,MISC
Celular,LOC
ALCATEL,LOC
Entrega ok Recebi,LOC
comprei,LOC
gostei,LOC
ERRADO,MISC
Pedi,ORG
KING,ORG
KING,MISC
Recomendooo!!,MISC
Gosteiii!,MISC
Prático,ORG
Boa,PER
Quero,PER
Produto,PER
Gostei,LOC
Comprei,PER
Recomendo Produtos,PER
Tive,MISC
Irajá,LOC
OK,LOC
Prazo,MISC
Aprovado Produto,PER
bluetooth,MISC
Satisfeito,MISC
Recomendo Houve,PER
Produto bom,LOC
Grato Jean,PER
Vou,LOC
Ótimo,LOC
OK,LOC
Ótimo,PER
RECOMENDO,ORG
MTO BONITA,ORG
OTIMO CAIMENTO,ORG
NF,LOC
ROSA,MISC
Confiram por favor,MISC
Internet,MISC
PRAZO,ORG
ATENDIMENTO!!!,ORG
super,LOC
Tentei,PER
Otímo Adorei,PER
SATISFEITA,MISC
Peço,PER
Recomendo,ORG
Bom Gostei,LOC
Super,MISC
TOP,ORG
Vale,LOC
Sério,PER
Rápido  ,ORG
Rapidinho,PER
PRAZO COMBINADO,MISC
Vou,LOC
Salvador,LOC
BA,LOC
Recomendo,ORG
Super,LOC
Comprei,PER
Satisfeito,MISC
ENTREGA,ORG
PRAZO,ORG
RÁPIDO,ORG
PERFEITA,PER
Propaganda,LOC
Atendimento Muito,PER
Cancelei,PER
Adorei,PER
Recebi  Chegou,MISC
TUDO OK,MISC
SOBRE,ORG
CORTINA ÓTIMA,ORG
Super,MISC
As Lojas,MISC
PEDI...,MISC
Showwww,PER
Processo,MISC
Amei,PER
Pulseira,LOC
Valeu,LOC
Adorei,PER
OK,LOC
super,LOC
Pedi,ORG
Recomendo,ORG
Excelente!,MISC
Super,LOC
Bom Design,LOC
Faltou,PER
vim,MISC
boas(nao,MISC
Recomendo!!,MISC
seris,PER
Parabéns,PER
MT,LOC
Gostei,LOC
Desconfie duplamente Duas,MISC
inf,ORG
V/D,MISC
Fortaleza,LOC
TUDO,ORG
Loja confiável,MISC
Fiscal  ,LOC
Comprei 1 lençol de casal,MISC
Cores,LOC
Gostei Recebi,LOC
J7,ORG
A6,MISC
Extrema,LOC
Grato,LOC
Gostei,ORG
Entrega  Estou,MISC
Super Recomendo,MISC
Super,MISC
Super,MISC
Quero,LOC
Entrega,MISC
Recomendo Muito,MISC
Uahlll,LOC
Adorei,PER
Bom Chegou,LOC
SUPER RECOMENDO,MISC
Ótimo!,MISC
Farol de milha,LOC
Comprei,LOC
Tenti,PER
Super,MISC
parabéns,LOC
entrega,LOC
Cartucho,PER
Recomendo  Recebi,LOC
Tomem,PER
Atenciosamemte,PER
Recebi,LOC
Super satisfeito!,MISC
Feedback,PER
Espero,PER
Indignado!!,MISC
Péssima,LOC
Razoavel Peço,PER
DEFEITO,MISC
Cartão Micro SDClasse10Com,MISC
Recebemos,PER
Cancelei,PER
Obs:,MISC
mangueira,LOC
Amei,PER
Satisfeito Demorou,MISC
Ok!,MISC
correios(pra,ORG
P19,LOC
P17,MISC
Comprei,LOC
Esperei,PER
Comprei,LOC
Ótimo Super,PER
Luminária,LOC
Duro,PER
Recomendo Produto,PER
Entrega,LOC
Ótimo  ,PER
Parabéns,LOC
vcs,LOC
Super,MISC
Maravilhosa,LOC
CORTINA,ORG
MEU QUARTO,MISC
QUEBRA,ORG
AMEI ESSA PARTE,MISC
Adorei,PER
Ótimo Produto,PER
Comecei,PER
Amei,PER
Amei,PER
Satisfeito Produto,MISC
ALÉM DE TER MANDADO,MISC
O TOTAL DOS ITENS,MISC
MANDOU NO FISICO,MISC
EMBALAGENS SEPARADAS,MISC
OUTRO,MISC
ESTÁ,MISC
Boa Fé,LOC
Suponho,LOC
Péssima,LOC
Comprei,LOC
mandei msgs,PER
Vendi,PER
Mandam,PER
Ótimo  Gostei,PER
Ótima,PER
Cesto,PER
Parabéns!,MISC
Gostei,LOC
Aperfeiçoar,PER
Vendedor,PER
EU PEDI,MISC
COR PRETA,ORG
E VENHO,ORG
ACEITEI IGUAL,PER
PODERIA TER VIDO,MISC
Otimo Produto,PER
Parabéns,LOC
Impressionante!!,MISC
Comprei,LOC
Gostei,LOC
Pruduto,LOC
Gostei,LOC
Pedi,ORG
Ótimo,LOC
Perfeito Relógio,LOC
Recebi,LOC
Gostei,LOC
Geral Excelente.gosto,PER
Vocês,LOC
Minha,PER
Gostei,LOC
Recomendo Cadeira,PER
Nota Zero!,MISC
Fui,PER
amei,PER
Vendedor,PER
Recomendo Muito,PER
Comprei,LOC
Difícil,PER
Efetuei,PER
Acho,PER
Vocês,LOC
Uber,PER
lannister,LOC
Efetuei,PER
Gostei,LOC
Naum,LOC
naum,LOC
RECEBI,MISC
MAQUINA,ORG
MOER CARNE,ORG
COMPREI DUAS,ORG
SABER,LOC
PORQUE,ORG
NÃO VEIO,MISC
SEGUNDA,MISC
CARRINHO,ORG
COMPREI TAMBEM NÃO CHEGOU,MISC
lannister,LOC
Otimo!,MISC
Fiz,MISC
Gostei,LOC
Voltarei,PER
RECOMENDO,ORG
Ótima,LOC
Ideal,LOC
Natal,MISC
Comprei,PER
Quero,LOC
Recomendo Entrega,PER
Gostei,LOC
Ótimo Entregou,PER
Prefiro,PER
PROMETIDO,ORG
Parabéns,PER
Péssima  Recebi,LOC
Perfeito!,MISC
Vcs,LOC
Parabéns,PER
Gostei,LOC
Péssima,LOC
Qualidade Entrega,PER
Entrei,LOC
É SEMPRE,MISC
PRAZER COMPRAR,ORG
super,LOC
gostei!!,MISC
Parabéns,PER
Ótima,PER
Obrigada,LOC
Recomendo Entregue,MISC
Recomendo,LOC
Ótimo,LOC
NF,PER
Parabéns,LOC
Lençol,PER
Ótima,LOC
Recomendo,LOC
Relógio,PER
Comprei,LOC
Comprei,PER
china,LOC
Recomendo Produto,PER
Tamanho da capa,PER
Site!,MISC
Ótimo Bons,PER
Sr. Diretor|,PER
FALTANDO UMA LUMINÁRIA PENDENTE DE COR,PER
ABORDA,ORG
COR AMARELO,MISC
Péssima,LOC
usei,PER
Quero,LOC
Super,MISC
Top Gostei,MISC
LED vermelho,ORG
Vendedor,PER
Lindas!!,MISC
Amei,PER
Recomendo 🙌,MISC
Ok Ok,PER
Considero Propaganda Enganosa,PER
Rápido,PER
Honesto,PER
Ruim,LOC
Ótimo,LOC
Recomendo,PER
Regular Bom,LOC
Ótimo,LOC
Bom Produto,LOC
Ótimo,LOC
Casio,ORG
Motorola,ORG
Parabéns !,MISC
Nao,MISC
boa cortina de blackout normal,LOC
Prazo,MISC
Bonitinho,LOC
Recomendo Chegou,PER
Pessoa,PER
Recebemos,PER
Recomendo!!,MISC
Recebido,PER
Recebi,MISC
Adorei,LOC
Luminária,LOC
Encomenda,LOC
Cajamar dos Correios,LOC
Cajamar,LOC
Parabéns,PER
original?a,PER
Alto Falante 10 Polegadas Medio Grave,LOC
Rms,PER
SÓ RECEBE 2 UNIDADES FALTARAM,MISC
Recomendo,LOC
Ótimo,PER
bom Gosto,LOC
Grato,LOC
Amei!!,MISC
Peço,PER
Aguardo,PER
Pedi,PER
Fui,PER
Parabéns,PER
ESTÁ,MISC
NF,ORG
Pedido Incompleto Comprei,PER
Ruim Comprei,LOC
Américas,LOC
Cuba,LOC
Amei,PER
ENTRAGOU,ORG
DEVOLUÇÃO,ORG
PRODUTO DE BAIXA QUALIDADE,MISC
PRIMEIRO DIA DE USO,MISC
UM MERCADO LIVRE,MISC
PEDIDOS,MISC
PROBLEMAS,ORG
Falta,MISC
Super,MISC
Recomendo,ORG
Quero,PER
Bluray,PER
Cd -UJ141 Case,MISC
CASE,PER
TONER,ORG
Otimo Multo,PER
Ok,LOC
Qualidade,LOC
Super,LOC
Gostei,LOC
Meia,PER
Caro,LOC
Mt Boa,LOC
Mede,LOC
Perfeito,LOC
Relógio,PER
Torre Eiffel,LOC
Adoro,PER
Ótimo,LOC
super,LOC
Ótimo produto,PER
Ótima,PER
Entrega,LOC
RELOGIO,ORG
ENTREGA,ORG
NEM,LOC
DUAS SEMANAS,MISC
PREVISTA RECOMENDO,MISC
TODOS,MISC
ALGUMA DUVIDA,PER
COMPREM PRODUTO EXCELENTE,MISC
showww,LOC
Recebi,MISC
Vanessa,LOC
Saca,PER
EXTREMAMENTE FRACO,MISC
DINHEIRO TOTALMENTE,MISC
PÉSSIMO,ORG
Vendedor,PER
Super,LOC
comprei,LOC
flamengo,ORG
Parabéns,PER
Led,ORG
Gostei,LOC
super,LOC
Bebedouro,LOC
Rosa...,MISC
Problema Vendido,PER
Gostei,LOC
Realizei,PER
Ruim,PER
Comprei,LOC
Propaganda,LOC
Comprei,LOC
TV Sony,MISC
Empresa,MISC
Super,MISC
Entregue,LOC
Gostei,LOC
AGUARDO,MISC
ENTREGA,ORG
PRODUTO,ORG
FORAM,ORG
NF,ORG
Cadê,PER
Adorei,PER
Kit Vitrificador,PER
Revelador de,LOC
Esperei,PER
Porem,PER
Ótimo!  ,MISC
Recomendo,LOC
MarketPlace,ORG
Super,MISC
Recebi,MISC
Satisfeito,MISC
Ótimo,LOC
bom Amei,LOC
vcs gostei,PER
Compra,LOC
bom Produto,LOC
Comprei 2 jogos,MISC
Nota Fiscal 001689,MISC
Aguardo,LOC
Fornecedor Ibitinga Decora,PER
Aguardo,LOC
Lençol,PER
Produto Errado Olá,LOC
HD Externo da Western Digital Passport X,MISC
Seagate,ORG
Adorei,PER
mp3,MISC
Péssima  Recebi,LOC
OTIMO,ORG
MUITO BONITO,MISC
L-triptofano,MISC
Lipo,PER
Ótimo  Fui,PER
stark,PER
Parabéns,PER
Produto,PER
Prazo,MISC
Entrega,LOC
Pedido,PER
Entrega Garantida,LOC
Entrega incompleta,LOC
Comprei,LOC
bom Adorei,LOC
Entregou,PER
Flavia Produto,LOC
Realizei,PER
Fiz,LOC
Comprei,LOC
Adorei,PER
Comprei,LOC
Adoreeeeiiiii,LOC
Comprei,PER
Correios,MISC
targaryen,LOC
Comprei 2 unidades,MISC
Frete,LOC
Compre,LOC
Oque,PER
Deby Incour,PER
Gostei,LOC
Ideal,LOC
Ótimo,LOC
Ajudo,PER
Facil,PER
Otimo,PER
Gostei,LOC
Ótimo,PER
Super,MISC
Recomendo Produto,PER
internet,MISC
Agradeço,PER
pedi,PER
PRODUTO,ORG
Comprei,LOC
Produto,LOC
Parabéns,LOC
super,LOC
Recomendo Recomendo,PER
Gostei,LOC
Comprei 2,MISC
Efetuei,PER
Pedi,ORG
Rosa,PER
Perfeito Chegou,LOC
Bom,LOC
Quero,LOC
Enviei,LOC
Amercianas,LOC
SAC,ORG
MUITO INSATISFEITO,MISC
A COMPRA,MISC
AGORA,ORG
NEM NOTA,ORG
ENVIADA PARA MIM,MISC
TEM QUASE UM MÊS,MISC
FEITA,ORG
COMPRA,ORG
RECOMENDO,MISC
Recebido,PER
Rápido Chegou,PER
Comprei,PER
MOTIVO DA DEMORA,MISC
ESTOU NO AGUARDO,ORG
Eau de Toilette,PER
Oakley,PER
Frete,LOC
Brasil,LOC
Puf,LOC
Comprei,LOC
COMPREI VARIOS,MISC
CORREIO PQ,MISC
CAIXA,ORG
NOTA,MISC
MANUAL,MISC
OS,MISC
OUTROS VIERAM DEIXOU,MISC
DESEJAR,ORG
M DEU,MISC
D IR LA,MISC
Super,MISC
Maravilhosa Amei,PER
Super,MISC
Recomento,LOC
Terezinha,LOC
Recomento Minha,PER
amei,PER
Correios,MISC
Pedi,ORG
Problemas Entregaram,PER
Quero,LOC
Cadê,PER
super,LOC
MUITO BOM,MISC
ENTREGUE ANTES DO PRAZO,MISC
Ótimo,LOC
super,MISC
Nota fiscal,MISC
CHEGOU,ORG
UNIDADE,ORG
Compra,LOC
Lojas,LOC
LA,MISC
NÃO TENHO,MISC
POIS AINDA,ORG
PRODUTO,ORG
FALHA,ORG
O QUAL,MISC
EFETUEI,MISC
BOA Comprei,LOC
Efetuei,PER
Adoro,PER
Compras Gostei,LOC
Gostei,LOC
Bom Chegou,LOC
Péssimo sist,MISC
Ótima,PER
Amei,PER
comprei,LOC
Pedi,ORG
targaryen,LOC
Quero,LOC
anuncio,PER
Parabéns,LOC
Comprei,PER
Brasil,LOC
Mandaram,PER
"Conclusão :
",MISC
Mandaram,PER
Cadeira,LOC
Preciso,PER
vcs,PER
Super,LOC
Comprei,PER
estinho flex,MISC
Espeto,LOC
Prazo,MISC
Sim,LOC
Adorei!,MISC
Pequeno,LOC
Excelente Loja,LOC
Escova,PER
ATRASO,ORG
Ótimo,LOC
Mochila,PER
Gostei,LOC
Saiam,PER
Espero,PER
Testei,PER
Legal Vai,PER
Comprei,PER
Comprei 4,MISC
whey isolate definition,MISC
Recomento,LOC
Amei Gostei,PER
Recebí,PER
Fiz,PER
Bonito,LOC
Adquiri,PER
Seco & Molhado BG2024/15 Bivolt - Philips,ORG
R$,MISC
Aparador de Pelos Philips QT4015/15,PER
American,LOC
Madeira,LOC
Parabéns,PER
Super satisfeito,MISC
"ATENDIMENTO  Bom dia 

Comprei",LOC
Preciso,PER
Entrega,LOC
Mercadoria,LOC
Parabéns!!,MISC
Adorei,PER
Gostei,LOC
Resebir,PER
Caixa,MISC
Ótima Gostei,PER
Satisfeita Muito,MISC
Comprei,LOC
Oakley Minute Machine,ORG
Vou,LOC
Parabéns,LOC
Super Recomendo Excelente Produto,MISC
Amei,PER
produto!Do,ORG
bolsa!,ORG
ok !,MISC
Adorei,PER
Bravecto,MISC
Fabuloso  Seguro,LOC
Correu,LOC
Bom Entregou,LOC
Travesseiro,LOC
GOSTEI MUITO,MISC
DO TRAVESSEIRO,MISC
São Paulo,LOC
Rio,LOC
Entrega,LOC
Parabéns,PER
Boa Excelente,LOC
Super,MISC
Gostei,LOC
Super,LOC
Produto,PER
Satisfeito,MISC
Considero,PER
Comprei,LOC
targaryen super,LOC
Recomendo,LOC
Os Correios,MISC
Tudo Certinho,MISC
Produto OK,PER
Comprei,LOC
Vou,PER
Amanda do SAC,LOC
Parabéns,PER
Internet,MISC
Parabéns,LOC
Páscoa,MISC
Pedido,PER
Recomendo,LOC
Propaganda,LOC
targaryen,LOC
Antonio,PER
Frete,LOC
Comprei,LOC
COmprei,MISC
usei,PER
Praticidade,LOC
Produto Maravilhoso,PER
Amei,PER
O pedido,MISC
Gonçalo,PER
Gonçalo,PER
comprei,LOC
Saia,PER
Veio,MISC
Comprei,LOC
Parabéns,LOC
Esquema,LOC
Entrega,LOC
DIFERENTE  Recebi,MISC
Péssimos,LOC
Mercadoria,LOC
Lojista,PER
Recomendo,LOC
CHEGOU BEM,MISC
PRAZO,ORG
Comprei,LOC
Desorganizaos Entregaram,PER
Oi,ORG
Recomendo!,MISC
Gostei,LOC
Entrga,LOC
EMPRESA,MISC
PRODUTO,ORG
COMPREI,ORG
MANDOU UM OUTRO SEM,MISC
ME,MISC
SE EU QUERIA,LOC
PRODUTO,ORG
DEVOLVER PARA TROCAR,MISC
Super,LOC
Entrega,LOC
lannister,PER
Tô,PER
Mochila,PER
Envio,PER
Satisfeito,MISC
Espero,PER
Abraços,LOC
comprei 03,PER
Rosa,PER
CORES DA ESTAMPA,MISC
FOTO DO SITE,MISC
MEIO DESBOTADO,MISC
FICA MEIO DESFOCASO,MISC
Horrível,MISC
Pinhão,LOC
boa Material,LOC
Pessima Comprei,MISC
NF,ORG
Entrega Parcial Recebi,LOC
Recomendo,LOC
Razoável,PER
Comprei,LOC
Tom,PER
Olimpíadas,MISC
Paguei,PER
Empresa,MISC
Continuo,PER
Comprei,LOC
Aguardo,LOC
Bom Bom,LOC
vcs,PER
Comprei 2,MISC
Prazo,MISC
Comprei,LOC
vcs,LOC
Otimo,PER
Excelente Recomendo,LOC
Boa Fatisfeito,LOC
bom Melhor,LOC
Amei,PER
Recebi,MISC
Obrigado,LOC
Hulk,PER
Comprei,LOC
Midea,ORG
Mop Produto,LOC
Adorei,PER
Demora,LOC
Frete,LOC
uma.livraria,ORG
ÚNICA RESPOSTA,MISC
RECEBO,MISC
ENVIO ESTÁ ATRASADO,MISC
Parabéns,LOC
Super,MISC
Mandei,LOC
Nao,MISC
Quero,MISC
Gostei,LOC
Honda City 2015,MISC
Problema Comprei,PER
Mandei,LOC
ENFORMAR MAIS RAPIDO,MISC
PRODUTO,ORG
Ótimo,LOC
Insatisfação,LOC
Parabéns,PER
Comprei,LOC
Comprei,PER
Cortina Decorativa,PER
Recebi Cortina Suellen,MISC
Sala Quarto 4 Metros Avelã/ Palha,MISC
PROCON-SP,ORG
Embalagem,PER
Ollist,MISC
Recomendo,LOC
Bom,LOC
Entrega,LOC
Entrega Rápida Produto,LOC
Linda,PER
película,LOC
Encomendei,LOC
Nota Fiscal,MISC
Ibitinga Decora,PER
INSATISFAÇÃO,MISC
OK,LOC
Agu,PER
tranquilo,PER
Comprei,LOC
Eu encomendei 2 mosquiteiros de solteiro,MISC
Elegance,MISC
CHEGOU,ORG
PRAZO,ORG
OK,LOC
Adorei,PER
Satisfeito,MISC
Vendedor,PER
Indico,PER
Super Recomendo,MISC
Super Indico,MISC
Parabéns,LOC
Comprei,LOC
Farei,LOC
"Grata 
Melissa",PER
Gostei,LOC
Encomendei 3 Toners,MISC
Recebi o 36,MISC
83A,MISC
Entregas,PER
Melhor,PER
internet,MISC
Amo,PER
Comprei 2,MISC
Lastimável,PER
Prazo,LOC
Ótimo,LOC
Adquiri,PER
Mt,MISC
KVR16S11/8,PER
Insatisfação,MISC
Pink,ORG
Péssima,LOC
Nao,MISC
Super Recomendo,MISC
super,LOC
adorei !!!,MISC
Ótimo,LOC
Gostei,LOC
targaryen,LOC
Relógio,PER
Ótimo,LOC
Nao,MISC
PRODUTO NÃO VEIO,MISC
NO SITE,MISC
MOSTRAVA CALENDÁRIO SITE,MISC
RECEBI VEIO,MISC
MOMENTO,ORG
PRODUTO,ORG
AGUARDO,MISC
FORNECEDOR,ORG
Vou,LOC
Realizei,PER
E LOJA ESTÃO,MISC
PARABÉNS,ORG
Atraso,PER
NÃO RECOMENDO Comprei,MISC
Pedi,ORG
Abri,PER
Quero,MISC
Original HP,PER
Bom,LOC
Gostei,LOC
bom produto,LOC
Fornecedor,LOC
Ate,PER
Comprei 4,MISC
Comprei 4,MISC
Quero,LOC
Gostei,LOC
Comprei,PER
Quero,PER
MINHA COZINHA,MISC
Produto Chinês,LOC
Prazo,MISC
CHEGOU APENAS,MISC
DEU,ORG
CERTO,MISC
SEGUNDO PERFEITO,MISC
TOP,ORG
Coração,LOC
Péssima,LOC
super recomendp super,MISC
Parabéns,PER
Gostei,LOC
Comprei 2 cadeiras,MISC
Ótimo,LOC
Recomendo!,MISC
Acho,PER
Pessimo Quero,MISC
Quero,MISC
Pedido Incompleto Comprei,PER
Ótimo,LOC
Comprei,LOC
Seguro,LOC
Tão de sacanagem,MISC
Lixo,PER
Otimo Atendimento,PER
Parabéns,PER
Ótimo,LOC
Recomendo,PER
Preferi,PER
Produto,PER
Recomendo!,MISC
QUALIDADE,ORG
NECESSIDADE,ORG
Amei,PER
lannister,PER
Vendedor,PER
boa Recomendo,LOC
10 Recomendo,LOC
Correios,LOC
Ótimo,LOC
Vale,LOC
Bailarinas,LOC
Agradeço,PER
Internet,MISC
Satisfeita  Entrega,MISC
super,LOC
Gostei,LOC
INCOMPELTA,MISC
DOS,MISC
TRES,ORG
Quero,MISC
Questionei,LOC
😡,PER
Quero,MISC
XL 12 ml--,MISC
Entregaram,MISC
xl color+1,LOC
oproduto,PER
ebom,LOC
Recomendo,PER
Kit,PER
Amei,PER
Solicito,LOC
Ótimo,LOC
Região do Capão Redondo,LOC
DEVERIA SER,MISC
Recomendaria,LOC
mercadoria super,PER
ameii,LOC
Sds,PER
PRODUTO VEIO,MISC
Parabéns,PER
Acabei,PER
DEMORA CANCELAMENTO DO,MISC
MERCADORIA,ORG
TENTANDO,MISC
CONTATO VIA,ORG
Super,MISC
Aguardo,LOC
Relógio,PER
Descaso total!,MISC
Oq,MISC
COMBINADO,MISC
OBRIGADO,MISC
Fico,PER
Ótima,PER
Adorei,PER
internet,MISC
Comprei,LOC
Recomendo!,MISC
Comprei 2 relógios,MISC
Regular Não,PER
Desconfiada Veio,PER
bom produto,LOC
Fiz,PER
DELAS,ORG
DOR,ORG
TEREI,MISC
TROCAR,MISC
SERÁ MUITO GRANDE,PER
MAIS,ORG
Super,MISC
Canguru,PER
RECOMENDO,MISC
Custo,PER
Super satisfeita,MISC
Super recomendo!!!,MISC
Produto,PER
Gostei,LOC
Super,MISC
Ótimo,PER
Vocês,LOC
Trofeu,LOC
Satisfação Produto,LOC
Testei,PER
Gostei,LOC
Faltou 1,MISC
bom Produto,LOC
Demora,LOC
Sony,ORG
Relógio,PER
ló,PER
fumê,MISC
Ótimo,PER
Recomendo,PER
Adquiri,PER
MG,LOC
Pacific,ORG
SC,LOC
Parabéns,LOC
Obrigado!!,MISC
Foto,PER
ÓTIMA QUALIDADE,ORG
Tbm,PER
vcs Diogo,PER
NÃO RECOMENDO,MISC
PRODUTO,ORG
PEDI NÃO CORRRESPONDE AO,MISC
ENTREGUE,MISC
TOTALMENTE DIFERENTE,MISC
Recebido,PER
Difícil,PER
ENTREGA,ORG
PRODUTO,ORG
Quero,LOC
super,LOC
Recomendo,LOC
Original,PER
Prazo,MISC
Gostei!!,MISC
Pedido,PER
Acredito,LOC
Comprei um KiT de 3 Almofadas Azul Mandala,MISC
Nâo,PER
INCOMPETÊNCIA!!!,MISC
Super,MISC
Entrega,LOC
Vale,LOC
Ótimo,MISC
Amei,PER
divinoooo!!,MISC
Otimo,PER
PRISMA 1.4LT,MISC
Desisti,LOC
Requeiro,PER
Produto,PER
Colcha Produto,LOC
Ótimo,LOC
Tudo,MISC
Obg,PER
USB,MISC
super Recomendado,MISC
Cancelei,PER
Tristeza Comprei,PER
Zero Eu,PER
Ótimo Entregue,PER
bom,LOC
Kotosun,PER
Super Recomendo Lençol,MISC
Adorei,PER
Comprei,LOC
Mosqueteiro,PER
EU TENHO DIREITO,MISC
Amei  Só,MISC
Rápido,LOC
Olá,PER
Véio Errado,PER
Estô,PER
EU,PER
Satisfeito,MISC
Brasil,LOC
kits mini,MISC
Produto,LOC
Alojas,LOC
Perfeito  Eu,LOC
Parabéns!!!,MISC
Realizei,PER
Bom Gostei,LOC
Parabéns,LOC
Boas,PER
Comprei,LOC
Lamentável!,MISC
São Gonçalo,LOC
Otimo Ótimos,PER
Entregaram,MISC
Parabens,LOC
Comprei,LOC
bom Recebi,LOC
Gostei,LOC
Edigley Ferreira,PER
Amei  Super,PER
Entrega,LOC
Ótimo,LOC
Recomendo!,MISC
Quero,LOC
Recebi,MISC
Jeferson G.,PER
ÓTIMOS PRODUTOS,LOC
O PRAZO DE ENTREGA EXCELENTE!,MISC
boa loja,LOC
Preciso,PER
PRODUTO OK,MISC
Cadeira,LOC
anteontem(18/12,ORG
Obs.:fornecedor,PER
Parabéns,LOC
Recomendo Bons,PER
Fui,PER
J7,ORG
A6,MISC
Ótimo Ótimo,PER
Entrega,LOC
Fui,PER
super,LOC
ME ENTREGARAM APENAS,MISC
COMPREI DOIS ITENS,MISC
NO MEU CARTÃO,MISC
LANÇADO 02 ITENS,MISC
AGUARDANDO,ORG
Disonestidade Eu,PER
Super,MISC
Tentei,PER
Comprei,LOC
Bom,LOC
RECEBI APENAS,MISC
ESTOUNO AGUARDO,MISC
ATÉ AGORA!,MISC
MOMENTO,ORG
SUCESSO,ORG
NINGUÉM ATENDE,MISC
TELEFONES,MISC
FALTA DE RESPEITO!,MISC
ABUSO,ORG
Comprei,LOC
comprei rosa pink,PER
Amei,PER
Precisei,LOC
Loja,LOC
KDT,ORG
pedi,PER
Vou,PER
Gostei,LOC
Entrega ok Entregue,MISC
Gostei,LOC
Comprarei,PER
Cortina,PER
Resebir,PER
Caixa,MISC
S8 Plus,MISC
S8 Plus,MISC
S8 Plus,MISC
S8,ORG
RECEBI,MISC
PRODUTO E NEM,ORG
DINHEIRO DE VOLTA,MISC
IR,MISC
L,PER
L,PER
CERTÍSSIMO !!,MISC
Parabéns,PER
SUPER RECOMENDO,MISC
Gostei,LOC
Email,MISC
Correios,MISC
Efetuei,PER
Nota Fiscal,LOC
Compramos 5 trocadores,MISC
Recomendo,PER
Regular,LOC
NF,ORG
Aguardando,PER
zero,PER
Ótimo,LOC
Super,MISC
Ótimo,LOC
Correios,MISC
Entrega,LOC
OTIMO LINDO GOSTEI MUITOOOO,MISC
Recebimento Recebi,LOC
SUPER RECOMENDO,MISC
PRAZO,ORG
Primeira,MISC
Comprei,PER
Cumpre,LOC
Gostei,LOC
Super,MISC
Vou,PER
Entrega,LOC
Faluana,LOC
Entregue,LOC
O. Produto,PER
Minha,LOC
Pulseira,LOC
Pandora,LOC
Lindaaaaaaa,MISC
Cor,ORG
Linda,PER
Ótima,LOC
Gualidade,LOC
Legal,LOC
Ótimo  Muito,LOC
Acho,PER
Recomendo,ORG
Comprei 2,MISC
Ótimo Produto,PER
Acredito,PER
Bom Produto,LOC
Lamentável,PER
Gostei,LOC
Recomendo!,MISC
Comprei,PER
PG 210,MISC
Enviaran,PER
Esclareço,PER
Ótimo,LOC
Recomendo Entrega,PER
Terei,PER
Gostei,LOC
Satisfeito Entrega,MISC
CHEGOU,ORG
PRAZO,ORG
SUPER RECOMENDO,MISC
NF,ORG
OBRIGADA,ORG
FUI BEM ATENDIDA,MISC
Vieram,PER
Gostei,LOC
Mercadoria,LOC
Amei,PER
Recomendo,LOC
Parabéns,LOC
Satisfeito Satisfeito,MISC
Ruim Mercadoria,PER
9 Produto de excelente qualidade,LOC
Super,MISC
Quantidade,LOC
Comprei,LOC
Pedi,ORG
Frete,PER
vcs,PER
Parabéns lannister!,MISC
Serviço maravilho,MISC
cuba,LOC
QUERO DEVOLVER,MISC
PORQUE,ORG
LONA,ORG
ENCAIXOU,MISC
ESTEIRA,ORG
MODELO CERTO,MISC
NÃO TENHO,MISC
O MESMO,MISC
NOTA,ORG
FISCAL NÃO ESPECIFICA NEM MARCA,ORG
NEM MODELO,MISC
PC,MISC
COMPREI 2 KITS DESSES PEDENTES,MISC
RECEBI SOMENTE 01 KIT,MISC
VCS VERIFICAR,PER
A TRANSPORTADORA PRA MIM,MISC
Ótima,LOC
OBG,ORG
Aguardo,LOC
vcs,PER
Nao,MISC
Amei,PER
Entrega parcial Recebi,LOC
Otimo Gosto,PER
Empresas,LOC
Insatisfeita Realizei,LOC
Recomendo,LOC
Relógio,PER
Péssimo,LOC
Mercado Livre,LOC
Amei,PER
Nota Zero!,MISC
Super,LOC
Produto,PER
OBSERVAÇÃO,ORG
Gostei,LOC
Fui,PER
Amei,PER
super,LOC
super goste,MISC
Adorei,PER
Recomendo,ORG
Parabéns,LOC
Pedi,ORG
Liguei,LOC
Recebimento Recebi,LOC
Comprei,LOC
Amercicanas,PER
SAC,ORG
Minha,LOC
mediana,LOC
Pai,PER
Matal,LOC
Rio Grande do Sul,LOC
COMPREI,MISC
RECEBI,MISC
Recomendo!,MISC
Entrega,LOC
Top!!,MISC
Pedi,ORG
Atendimento,LOC
Dez Gostei,MISC
Atendimento,LOC
super,LOC
Perfeito Super,LOC
Produto,PER
Comprei,LOC
Abri,PER
Acredito,PER
Gostei,LOC
Comprei,PER
Produto Boa,LOC
bom Ótima,LOC
Gostei,LOC
Bom Espero,LOC
Pedi,ORG
PRODUTO NAO,ORG
CHEGOU Gostaria,MISC
Ruim,LOC
c/,LOC
Gostei,LOC
Entrega,LOC
Sou,PER
Quero,MISC
AMEI,ORG
TAPETE LINDO...,MISC
QUERO COMPRAR,MISC
OUTRO,MISC
super,LOC
Super,MISC
Perfeita,PER
Comprarei,PER
Cancelei,PER
Quero,MISC
Parabéns,LOC
Continua,PER
Nao,MISC
Aprovadissimo  Entrega,MISC
Parabéns,PER
ALÉM DE RECEBER,MISC
PRODUTO ERRADO,MISC
CX,ORG
CARTA,ORG
CLIENTE INSATISFEITA,ORG
PRODUTO ERRADO,MISC
CANCELEI MINHA COMPRA,MISC
Adorei,PER
Quero trocar Qútero,MISC
Pedido,PER
lannister,LOC
Boa,LOC
Recomendo Tudo,PER
Comprei 2,MISC
Carregador,LOC
Excelente Produto,LOC
Perfumes Comprei,PER
Tommy Hilfiger,MISC
Gabriela Sabatini,PER
Pedi,ORG
super,LOC
Produto,PER
Cadê,PER
RECEBI,MISC
PRAZO ESTIPULADO,ORG
Bacana,LOC
Muuito Recomentadado Produto,MISC
DESCRIÇAO,PER
PRODUTO INCO,ORG
bom  Boa,LOC
Amei,PER
Super,MISC
Espero,PER
vcs,LOC
Fui,PER
Compra,LOC
Recebi,MISC
Comprei,PER
Ducha,LOC
SAC,ORG
KDT,ORG
Nota Fiscal,LOC
Cortina,PER
Mt,MISC
Pedi,ORG
cartao6,MISC
Comprei,LOC
Gostei,LOC
Gostei,LOC
Super,MISC
Pedi,ORG
Recomendo,LOC
Quero,PER
Amercicanas,PER
SAC,ORG
Zenfone,MISC
Relógio,PER
boa negociação,LOC
Ótimo  Ótimo,LOC
Ótimo,LOC
ENTREGUE,MISC
"INCOMPLETA!!!
",MISC
O Cartucho de Toner HP,MISC
ENTREGUE,MISC
adorei,PER
Recomendo !,MISC
Total,PER
Tentei,PER
COR,ORG
TECIDO NAO,MISC
Péssima,LOC
Relógio Casio G-shock Ga-100cm-8adr,PER
Lojas,LOC
Lojas Ameri,PER
Recomendo Entregou,PER
Cadê,PER
Qualidade razoável Produto,LOC
Gosto,PER
Américas,LOC
bom Muito,LOC
Quadro,PER
RECEBI MEUS PRODUTOS,MISC
Excelente Produto,LOC
Veio,MISC
Adorei,PER
Recebi,MISC
CERTEZA RECOMENDO,ORG
UNICA RECLAMAÇÃO,ORG
PRODUTO É COBRADO FRETE,ORG
COMPREI 4,MISC
MESMA COMPRA,MISC
PAGUEI 4 FRETE,MISC
ISSO NÃO É BOM,MISC
Acompanha,LOC
Produto de Qualidade,LOC
Gostei do Fone,LOC
RECOMENDO,MISC
EFUSIVAMENTE,MISC
Adorei,PER
Comprei,LOC
Quero,LOC
Entrega incorreta,LOC
Comprei 2,MISC
Correios,MISC
Esperei,PER
Otima,LOC
Recomendadissimo,LOC
FUNCIONOU,MISC
PERFEITAMENTE REFPLICA PERFEITA,MISC
Mandei,PER
O MOMENTO,MISC
ENTREGUE PECO,MISC
GENTILEZA,MISC
ESTORNO DO VALOR,MISC
VALOR,MISC
PAGO,ORG
cuba,LOC
Otimo Recomendo,PER
SUPER RECOMENDO TD DE BOM,MISC
Gostei,LOC
super,LOC
vcs,PER
😘,MISC
JÁ,LOC
COMPREI,MISC
AINDA,ORG
PRODUTO,ORG
Amei,PER
Massageador Facial Anti-Idade Vibração Harmonização Energy,MISC
Ótima,LOC
Natal Natal,MISC
PARABÉNS,ORG
PRAZO PREVISTO,ORG
O PRODUTO É MUITO,MISC
targaryen,LOC
Adorei,PER
Comprei,LOC
Satisfeito,MISC
Recomendo!,MISC
wifi,PER
QUANDO VOU,MISC
Smente Faixa Carro Trenzinho Trator Caminhão M10,LOC
Carro Trator Caminhão Trenzinho M18,MISC
RECEBI,MISC
Bom,LOC
Ameiiiii,LOC
Gostei,LOC
Pedi,ORG
Enviado,PER
Pedido,PER
Irei,PER
Relógio Casio,PER
"Bom dia
",MISC
Comprei 2 controles,MISC
Excelente Recomendo,LOC
samsung,ORG
Nao,MISC
Comprei,PER
Gostei  Dentro,LOC
Adorei,PER
Pedi,ORG
Comprei,PER
bom Tamanho,LOC
Insatisfeita Realizei,LOC
Quero,MISC
Parabéns!!!,ORG
PRODUTO,ORG
"Parabéns 
Recomendo",PER
Pedi,ORG
TÁBUA,ORG
Ñ FOI ENTREGUE,MISC
QUADRO,MISC
LOGO QUERO,MISC
VISTA,MISC
VIA EMAIL DISSERAM,PER
ENTREGUE JUNTO,MISC
Pedido Incompleto Comprei,PER
Recomendo,LOC
MT,LOC
Cascavel,LOC
RJ,LOC
Cancelei,PER
Fico,PER
Att,ORG
Gostei,LOC
😊,PER
SAC,ORG
Minha,LOC
targaryen,LOC
Avarias,PER
Pedido Incompleto Comprei,PER
Ruim Comprei,LOC
Regular Comprei,PER
Aguardo,PER
Americana,LOC
Deslize,PER
super,LOC
Nao,MISC
Quero,PER
Entrega,LOC
"Material ótimo!
",MISC
Lindas bolsas!,MISC
MUITO BOM COMPRA,MISC
CONFIANÇA PARABÉNS,ORG
EQUIPE,MISC
ME ATENDEU MUITO,MISC
TENÇÃO,ORG
Coçar Brasil,PER
Peço,PER
FALTOU,ORG
BOLINAS,ORG
Kit 3 Magnésio Dimalato,PER
Comprimidos,MISC
Cloreto de Magnésio PA 240,PER
Capsulas,LOC
Vale,LOC
Mandei,PER
Precisa,LOC
Hj,LOC
Entrega Gostei,LOC
PRODUTO NÃO,MISC
ENTREGUE,MISC
Comprei,LOC
Pessoa,PER
Solicito,LOC
Péssimo,LOC
vcs,LOC
LINE,ORG
Correios,LOC
Vcs,PER
bom,LOC
Comprei,PER
Ótimo  Chegou,PER
Amei,PER
Duvidosa Gostaria,PER
TIVE UM PROBLEMINHA,MISC
A CAEIRA,MISC
FICOU,ORG
Tapete Maravilhoso,PER
bom Produto,LOC
Produto Entregue,LOC
Loja,PER
Obrigado,LOC
Comprei 2 produtos,MISC
Certo,MISC
Dhea 50ml,MISC
Black skull 300,MISC
Satisfeita Comprei,PER
Comprei,LOC
Vendedor,PER
ENTREGA ATRASO,ORG
ENTREGA,ORG
Correios,LOC
Perfeito Produto,LOC
PRAZO,ORG
RECOMENDO,ORG
Lavabo,LOC
Nao,MISC
Ótimo,LOC
Deveria,LOC
comprei,LOC
madaro,LOC
Certo Recomendo,LOC
Produto,PER
LIV,MISC
arara,LOC
Adorei!!,MISC
Adorei!!,MISC
Espero,PER
CAIXA,ORG
Comprei,LOC
Comprei,LOC
Mandei,PER
Comprei 2 relogios,MISC
Yo-kai,LOC
Ótima Produto,PER
FERA DO TIMÃO,MISC
MAIS UMA PRA COLEÇÃO,MISC
Comprei,LOC
Aguardo,LOC
Top Rápido,MISC
Super,MISC
Pedido,PER
GPS,MISC
Pink,ORG
RECEBI DIREITINHO,MISC
RAPIDO,ORG
COMPRAREI NOVAMENTE,MISC
RECOMENDO FIZ,MISC
CAIXAS,ORG
CAIXAS,ORG
Ótimo,LOC
Ruin Não,PER
HDI,MISC
............................................................................................,PER
Ótimo,LOC
COMPREI 4,MISC
VALOR,MISC
INJUSTOS,MISC
SATISFAÇÃO VOU CANCELAR,MISC
CARTAO FRAUDE AMERICANA,MISC
Suporte De Peito Cinta Peitoral,LOC
Camera Gopro Go Pro,MISC
Adaptador Conector P2 Macho P10,PER
Femea Estereo Microfone,PER
CTT,ORG
Adorei,PER
Recebin,PER
Balde Spin,PER
Cesto,PER
Super Mop Arcani,MISC
Pessima Já,MISC
Amei,PER
"O kit bolsas 
",MISC
O kit,MISC
Caixa,MISC
pedi tres,PER
Recomendo Recebimento,PER
Gostei,LOC
Recibi,PER
Comprei,LOC
Prazo,MISC
Ok,LOC
Nao,MISC
Enviei,LOC
Serviço,MISC
MINHA OPINIÃO RECOMENDO,MISC
ENTREGUE ANTES,MISC
OTIMO,ORG
Parabéns,PER
Bela,PER
Achei,PER
Super,MISC
Adorei,PER
Péssima,LOC
Produto,LOC
Devolvi,PER
super satisfeita,MISC
EMPRESA ENVIOU DOIS,MISC
ALERTOU QUE DEVERIA RECEBER,MISC
RECEBI,MISC
PRIMEIRO,MISC
UM BILHETE ESCRITO,MISC
MAO,ORG
SEDEX INFORMA,MISC
NAO,MISC
Perfeito Muito,MISC
Ótimo Ótimo,PER
TD,ORG
comprei,LOC
minas,LOC
Comprei,LOC
RECOMENDO,MISC
Gostei,LOC
Comprei,PER
Moto G5,MISC
Lojas,MISC
Entrega rápida,MISC
Adorei o Relógio,PER
Adorei,PER
Entrega,LOC
Comprei,LOC
RECEBI,MISC
COMPRA CORRETAMENTE,MISC
POREM,ORG
AGORA,ORG
Otimo Entrega,PER
Pensei,LOC
Lula,PER
Recomendo,PER
Respeito,LOC
gostei,LOC
custo beneficio,PER
Ótimo,LOC
Fertilizantes,LOC
Produto bom,LOC
Penso,PER
Aguardo,LOC
Nao,MISC
Fui,PER
suíça,LOC
Nao vale,MISC
Tenha,LOC
Comprei,LOC
Aguardo,LOC
Adorei,PER
Ótimo,LOC
Pedi,ORG
GOSTEI DA DEMORA,MISC
Otimo Otima,PER
Parabéns,PER
Comprei,LOC
RECOMENDO,MISC
sumil,PER
Super,MISC
Deveria,LOC
Ótimo,LOC
Indico,PER
Ótimo,LOC
Bom Só imaginei,LOC
Entregaram,MISC
Ótimo,LOC
BOM VENDEDOR,LOC
Adorei,PER
SATISFEITO,MISC
A COMPRA,MISC
O PRAZO DE ENTREGA,MISC
Satisfeito,MISC
mac mini,MISC
mac,MISC
Ótimo,LOC
Gostaria,LOC
G4,MISC
wi-fi,MISC
bluetooth,MISC
Ótimo,LOC
O Produto,MISC
Nao,MISC
Nao,MISC
DEMORA!,MISC
FALHA,ORG
RASTREAMENTO!!!,MISC
Nao,MISC
Ótimo,LOC
Recomendo,ORG
Olha,LOC
Amei,PER
Obrigada,LOC
Enviei,LOC
Gostei,LOC
DIFERENTE  ,MISC
RECEBI,MISC
PRODUTO NO PRAZO,ORG
QUALIDADE,ORG
PREÇO,ORG
Comprei 10,MISC
apple,ORG
Ótimo Muito,PER
xbox 360,MISC
one,MISC
Comprei 3 garrafas de vinho,MISC
Comprei,LOC
Comprei,LOC
Capinha,LOC
Recomendo!,MISC
Valeu,PER
Comprei 4,MISC
Comprei,MISC
R$,MISC
Ótimo,MISC
Espero,PER
😊,MISC
Relógio,PER
Espera,LOC
Quero,PER
Terei,PER
Muita,LOC
Recebido,PER
Perfumes Comprei,PER
Tommy Hilfiger,MISC
Gabriela Sabatini,PER
Correios,MISC
Correios,LOC
SUPER RECOMENDO,MISC
Pedi,ORG
Frete,PER
Sugiro,LOC
Recomendo!,MISC
Combo,LOC
Moisés,PER
Comprei 4,MISC
Super,MISC
Recebi,MISC
Vanessa,LOC
Ótimo,LOC
Comprei,PER
Produto,PER
Comprarei,PER
Ótimo Super,PER
internet,MISC
cd,MISC
mmmmmmmmmmmmmmmmmmmmmmmmmmmmmmmmmmmmmmmmmmmmmmmmmmm,LOC
comprei,LOC
Recomendo!!,MISC
Ótimo Produto,PER
OK !,MISC
Produto esta com a ntrega atrasada,LOC
Enviei,LOC
Comprei,PER
Pendências,PER
Obrigado,LOC
lannister,PER
Descartável,PER
Bom Gostei,LOC
SUPER RECOMENDO AMEI,MISC
FOTO,ORG
CERTEZA VOU EFETUAR MUITAS OUTRAS COMPRAS !!,MISC
Prazo,MISC
Recebemos,PER
Encomendei,PER
Otimo atendimento,MISC
Recomendo,LOC
Comprei,PER
Espero,PER
Sino,LOC
Agradeço,PER
Comprei,PER
Regular,LOC
Comprei,LOC
Cobrei,LOC
Péssimo,ORG
Mercadoria,LOC
Espero,PER
Relógio,PER
😔😓,ORG
lifar,LOC
C,MISC
C,MISC
Comprei,LOC
Ótimo,LOC
Obrigado,LOC
Gostei,LOC
Parabéns,PER
Pedido,PER
Mercadoria,LOC
Quero,LOC
Gostei,PER
Cadê,PER
Ótimo,LOC
Mto,PER
Recomendo,LOC
Comprei,PER
Insatisfeita,ORG
"Parabéns 
Qualidade",PER
"Obrigada 
Janieide",PER
Top Recomendo,MISC
Surpresa Excelente Super Recomento,MISC
Parabéns,LOC
Pulseira Masculina,LOC
Couro Caveira Couro Legítimo +,LOC
Pedra Preto,LOC
Lindo Poderia,PER
USB,MISC
Satisfeito,MISC
Pedido,LOC
Entrega,LOC
Qualidade,LOC
Satisfeito,MISC
RECOMENDO...,MISC
Silvan Muito,PER
Meu,ORG
Entrega FRACIONADA,LOC
MAIS CARO,ORG
P19,LOC
P17,MISC
Super,MISC
bluetooth,MISC
